{"cameraMode":{"drawMode":0,"name":"Shaded","section":"Shading Mode"},"sceneLighting":true,"audioPlay":false,"sceneViewState":{"showFog":true,"showMaterialUpdate":false,"showSkybox":true,"showFlares":true,"showImageEffects":true,"showParticleSystems":true},"in2DMode":false,"pivot":{"x":1.7335395812988282,"y":-14.252185821533204,"z":18.35445785522461},"rotation":{"x":-0.394221693277359,"y":-0.018748797476291658,"z":0.008044461719691754,"w":-0.9187889099121094},"size":71.39352416992188,"orthographic":false}