{"cameraMode":{"drawMode":0,"name":"Shaded","section":"Shading Mode"},"sceneLighting":false,"audioPlay":false,"sceneViewState":{"showFog":true,"showMaterialUpdate":false,"showSkybox":false,"showFlares":true,"showImageEffects":true,"showParticleSystems":true},"in2DMode":false,"pivot":{"x":-1.2999999523162842,"y":2.5399999618530275,"z":-3.4800000190734865},"rotation":{"x":0.5752172470092773,"y":0.0073617203161120419,"z":-0.005176959093660116,"w":0.8179511427879334},"size":2.8578836917877199,"orthographic":true}