{"cameraMode":{"drawMode":0,"name":"Shaded","section":"Shading Mode"},"sceneLighting":true,"audioPlay":false,"sceneViewState":{"showFog":true,"showMaterialUpdate":false,"showSkybox":true,"showFlares":true,"showImageEffects":true,"showParticleSystems":true},"in2DMode":false,"pivot":{"x":-10.460000038146973,"y":3.0,"z":10.420000076293946},"rotation":{"x":0.2659635543823242,"y":-0.03613922744989395,"z":0.009978055022656918,"w":0.9632537961006165},"size":14.37593936920166,"orthographic":true}