{"cameraMode":{"drawMode":0,"name":"Shaded","section":"Shading Mode"},"sceneLighting":true,"audioPlay":false,"sceneViewState":{"showFog":true,"showMaterialUpdate":false,"showSkybox":true,"showFlares":true,"showImageEffects":true,"showParticleSystems":true},"in2DMode":false,"pivot":{"x":13.563909530639649,"y":3.0909423828125,"z":-12.74799919128418},"rotation":{"x":0.26413995027542117,"y":-0.11826509982347489,"z":0.032653797417879108,"w":0.9566490054130554},"size":41.9293098449707,"orthographic":true}