{"cameraMode":{"drawMode":0,"name":"Shaded","section":"Shading Mode"},"sceneLighting":true,"audioPlay":false,"sceneViewState":{"showFog":true,"showMaterialUpdate":false,"showSkybox":true,"showFlares":true,"showImageEffects":true,"showParticleSystems":true},"in2DMode":false,"pivot":{"x":9.292630195617676,"y":6.867440223693848,"z":-4.231276512145996},"rotation":{"x":0.4824030101299286,"y":-0.0026278947480022909,"z":0.0014473013579845429,"w":0.8759443163871765},"size":37.72306442260742,"orthographic":true}