{"cameraMode":{"drawMode":0,"name":"Shaded","section":"Shading Mode"},"sceneLighting":true,"audioPlay":false,"sceneViewState":{"showFog":true,"showMaterialUpdate":false,"showSkybox":true,"showFlares":true,"showImageEffects":true,"showParticleSystems":true},"in2DMode":false,"pivot":{"x":5.3402099609375,"y":17.8984375,"z":-12.94140625},"rotation":{"x":0.000586067617405206,"y":-0.9437828660011292,"z":0.330561101436615,"w":0.0016977122286334634},"size":125.51863861083985,"orthographic":true}