{"cameraMode":{"drawMode":0,"name":"Shaded","section":"Shading Mode"},"sceneLighting":true,"audioPlay":false,"sceneViewState":{"showFog":true,"showMaterialUpdate":false,"showSkybox":true,"showFlares":true,"showImageEffects":true,"showParticleSystems":true},"in2DMode":false,"pivot":{"x":27.233238220214845,"y":28.501968383789064,"z":-0.46587255597114565},"rotation":{"x":0.21858850121498109,"y":-0.7059800624847412,"z":0.24608305096626283,"w":0.6271001100540161},"size":25.218311309814454,"orthographic":true}