{"cameraMode":{"drawMode":0,"name":"Shaded","section":"Shading Mode"},"sceneLighting":false,"audioPlay":false,"sceneViewState":{"showFog":true,"showMaterialUpdate":false,"showSkybox":false,"showFlares":true,"showImageEffects":true,"showParticleSystems":true},"in2DMode":false,"pivot":{"x":-4.639999866485596,"y":2.5399999618530275,"z":-1.7699999809265137},"rotation":{"x":0.6126656532287598,"y":0.048519980162382129,"z":-0.037726353853940967,"w":0.7879488468170166},"size":2.8578836917877199,"orthographic":true}