{"cameraMode":{"drawMode":0,"name":"Shaded","section":"Shading Mode"},"sceneLighting":true,"audioPlay":false,"sceneViewState":{"showFog":true,"showMaterialUpdate":false,"showSkybox":true,"showFlares":true,"showImageEffects":true,"showParticleSystems":true},"in2DMode":false,"pivot":{"x":-3.9483718872070314,"y":2.8902292251586916,"z":-4.979779243469238},"rotation":{"x":0.30072641372680666,"y":0.6414613723754883,"z":-0.3025359511375427,"w":0.6376229524612427},"size":12.982260704040528,"orthographic":false}