{"cameraMode":{"drawMode":0,"name":"Shaded","section":"Shading Mode"},"sceneLighting":false,"audioPlay":false,"sceneViewState":{"showFog":false,"showMaterialUpdate":false,"showSkybox":false,"showFlares":false,"showImageEffects":false,"showParticleSystems":false},"in2DMode":false,"pivot":{"x":-4.400000095367432,"y":2.690000057220459,"z":-3.559506416320801},"rotation":{"x":0.389874130487442,"y":-0.0049715894274413589,"z":0.002104329178109765,"w":0.9208523631095886},"size":2.688833475112915,"orthographic":false}