{"cameraMode":{"drawMode":0,"name":"Shaded","section":"Shading Mode"},"sceneLighting":true,"audioPlay":false,"sceneViewState":{"showFog":true,"showMaterialUpdate":false,"showSkybox":true,"showFlares":true,"showImageEffects":true,"showParticleSystems":true},"in2DMode":false,"pivot":{"x":3.7480101585388185,"y":6.9036173820495609,"z":-6.325429916381836},"rotation":{"x":0.271420955657959,"y":-0.08590000122785568,"z":0.02432924136519432,"w":0.9583110213279724},"size":36.46733856201172,"orthographic":false}