{"cameraMode":{"drawMode":0,"name":"Shaded","section":"Shading Mode"},"sceneLighting":false,"audioPlay":false,"sceneViewState":{"showFog":false,"showMaterialUpdate":false,"showSkybox":false,"showFlares":false,"showImageEffects":false,"showParticleSystems":false},"in2DMode":false,"pivot":{"x":-4.400000095367432,"y":2.690000057220459,"z":-3.5599942207336427},"rotation":{"x":0.4281911849975586,"y":-0.007606792263686657,"z":0.0036040106788277628,"w":0.9036490321159363},"size":2.8578836917877199,"orthographic":false}