{"cameraMode":{"drawMode":0,"name":"Shaded","section":"Shading Mode"},"sceneLighting":true,"audioPlay":false,"sceneViewState":{"showFog":true,"showMaterialUpdate":false,"showSkybox":true,"showFlares":true,"showImageEffects":true,"showParticleSystems":true},"in2DMode":false,"pivot":{"x":-3.009999990463257,"y":1.71999990940094,"z":-5.210000038146973},"rotation":{"x":0.2907738983631134,"y":-0.6592767238616943,"z":0.30876532196998598,"w":0.620861291885376},"size":10.057267189025879,"orthographic":false}