{"cameraMode":{"drawMode":0,"name":"Shaded","section":"Shading Mode"},"sceneLighting":false,"audioPlay":false,"sceneViewState":{"showFog":false,"showMaterialUpdate":false,"showSkybox":false,"showFlares":false,"showImageEffects":false,"showParticleSystems":false},"in2DMode":false,"pivot":{"x":-3.6135597229003908,"y":-1.1190376281738282,"z":-0.7238181829452515},"rotation":{"x":-0.263368159532547,"y":0.6532434225082398,"z":-0.2605436444282532,"w":-0.6603236794471741},"size":2.8578836917877199,"orthographic":false}