{"cameraMode":{"drawMode":0,"name":"Shaded","section":"Shading Mode"},"sceneLighting":false,"audioPlay":false,"sceneViewState":{"showFog":true,"showMaterialUpdate":false,"showSkybox":false,"showFlares":true,"showImageEffects":true,"showParticleSystems":true},"in2DMode":false,"pivot":{"x":6.470000267028809,"y":-0.5999999046325684,"z":0.3599996268749237},"rotation":{"x":0.35769471526145937,"y":0.5231295824050903,"z":-0.2563876807689667,"w":0.7298324704170227},"size":4.93544864654541,"orthographic":false}