{"cameraMode":{"drawMode":0,"name":"Shaded","section":"Shading Mode"},"sceneLighting":false,"audioPlay":false,"sceneViewState":{"showFog":true,"showMaterialUpdate":false,"showSkybox":false,"showFlares":true,"showImageEffects":true,"showParticleSystems":true},"in2DMode":false,"pivot":{"x":-4.400000095367432,"y":2.690000057220459,"z":-3.5599942207336427},"rotation":{"x":-0.20997796952724458,"y":0.7579104900360107,"z":-0.29257142543792727,"w":-0.5439512729644775},"size":2.8578836917877199,"orthographic":false}