{"cameraMode":{"drawMode":0,"name":"Shaded","section":"Shading Mode"},"sceneLighting":false,"audioPlay":false,"sceneViewState":{"showFog":false,"showMaterialUpdate":false,"showSkybox":false,"showFlares":false,"showImageEffects":false,"showParticleSystems":false},"in2DMode":false,"pivot":{"x":-13.460000038146973,"y":2.309999942779541,"z":10.479999542236329},"rotation":{"x":0.6082821488380432,"y":0.013556711375713349,"z":-0.010392335243523121,"w":0.7935370802879334},"size":4.98289155960083,"orthographic":false}