{"cameraMode":{"drawMode":0,"name":"Shaded","section":"Shading Mode"},"sceneLighting":true,"audioPlay":false,"sceneViewState":{"showFog":false,"showMaterialUpdate":false,"showSkybox":false,"showFlares":false,"showImageEffects":false,"showParticleSystems":false},"in2DMode":false,"pivot":{"x":418.64654541015627,"y":329.9476318359375,"z":-74.65823364257813},"rotation":{"x":0.0011168207274749876,"y":0.9112366437911987,"z":-0.41187435388565066,"w":0.0024710397701710464},"size":16.441997528076173,"orthographic":false}