{"cameraMode":{"drawMode":0,"name":"Shaded","section":"Shading Mode"},"sceneLighting":false,"audioPlay":false,"sceneViewState":{"showFog":true,"showMaterialUpdate":false,"showSkybox":false,"showFlares":true,"showImageEffects":true,"showParticleSystems":true},"in2DMode":false,"pivot":{"x":-3.0199999809265138,"y":2.690000057220459,"z":-5.349999904632568},"rotation":{"x":0.17321181297302247,"y":0.677794337272644,"z":-0.1691039800643921,"w":0.6942595839500427},"size":4.041658401489258,"orthographic":true}