{"cameraMode":{"drawMode":0,"name":"Shaded","section":"Shading Mode"},"sceneLighting":false,"audioPlay":false,"sceneViewState":{"showFog":false,"showMaterialUpdate":false,"showSkybox":false,"showFlares":false,"showImageEffects":false,"showParticleSystems":false},"in2DMode":false,"pivot":{"x":3.2104005813598635,"y":1.066645622253418,"z":-1.4512088298797608},"rotation":{"x":-0.017708204686641694,"y":-0.9728665947914124,"z":0.21653342247009278,"w":-0.07956388592720032},"size":5.172171592712402,"orthographic":false}