{"cameraMode":{"drawMode":0,"name":"Shaded","section":"Shading Mode"},"sceneLighting":true,"audioPlay":false,"sceneViewState":{"showFog":false,"showMaterialUpdate":false,"showSkybox":false,"showFlares":false,"showImageEffects":false,"showParticleSystems":false},"in2DMode":false,"pivot":{"x":-3.0450093746185304,"y":-7.805274963378906,"z":-0.19254589080810548},"rotation":{"x":0.6012033224105835,"y":-0.0019303300650790334,"z":0.00145237788092345,"w":0.7990925312042236},"size":41.39201354980469,"orthographic":false}