{"cameraMode":{"drawMode":0,"name":"Shaded","section":"Shading Mode"},"sceneLighting":false,"audioPlay":false,"sceneViewState":{"showFog":false,"showMaterialUpdate":false,"showSkybox":false,"showFlares":false,"showImageEffects":false,"showParticleSystems":false},"in2DMode":false,"pivot":{"x":-13.680000305175782,"y":2.309999942779541,"z":10.479999542236329},"rotation":{"x":0.6082970499992371,"y":0.012366391718387604,"z":-0.009479900822043419,"w":0.7935565710067749},"size":4.98289155960083,"orthographic":false}